;;places;Horaire;Nuit;Longitude;Latitude;Carte;gmap;debarcadere
Guy à René-Lévesque;<a href='https://maps.google.com/maps?q=45.493788,-73.574463'><img src='https://api.mapbox.com/v4/mapbox.high-contrast/pin-l-parking+ff2600(-73.574463,45.493788)/-73.574463,45.493788,17/640x320@2x.png?access_token=pk.eyJ1IjoieG9icGFtNjY2IiwiYSI6ImNqZnBiY3E0ZTBmbDUzM3FvMjZta3IxZWYifQ.Y8TVWK0bfi0mRBnz8cMLdw' alt='Guy à René-Lévesque'></a>;1;2h<br>1er Avril au 31 Octobre;<span style='padding:0.5em'>À vos risques</span>;-73.574463;45.493788;https://api.mapbox.com/v4/mapbox.high-contrast/pin-l-parking+ff2600(-73.574463,45.493788)/-73.574463,45.493788,17/640x320@2x.png?access_token=pk.eyJ1IjoieG9icGFtNjY2IiwiYSI6ImNqZnBiY3E0ZTBmbDUzM3FvMjZta3IxZWYifQ.Y8TVWK0bfi0mRBnz8cMLdw;https://maps.google.com/maps?q=45.4937882,-73.574463;FAUX
Saint-Antoine à Guy;<a href='https://maps.google.com/maps?q=45.492849,-73.571969'><img src='https://api.mapbox.com/v4/mapbox.high-contrast/pin-l-parking+ff2600(-73.571969,45.492849)/-73.571969,45.492849,17/640x320@2x.png?access_token=pk.eyJ1IjoieG9icGFtNjY2IiwiYSI6ImNqZnBiY3E0ZTBmbDUzM3FvMjZta3IxZWYifQ.Y8TVWK0bfi0mRBnz8cMLdw' alt='Saint-Antoine à Guy'></a>;6;2h;<span style='padding:0.5em'>À vos risques</span>;-73.571969;45.492849;https://api.mapbox.com/v4/mapbox.high-contrast/pin-l-parking+ff2600(-73.571969,45.492849)/-73.571969,45.492849,17/640x320@2x.png?access_token=pk.eyJ1IjoieG9icGFtNjY2IiwiYSI6ImNqZnBiY3E0ZTBmbDUzM3FvMjZta3IxZWYifQ.Y8TVWK0bfi0mRBnz8cMLdw;https://maps.google.com/maps?q=45.4928492,-73.571969;FAUX
Peel à Square Dorchester;<a href='https://maps.google.com/maps?q=45.499229,-73.571132'><img src='https://api.mapbox.com/v4/mapbox.high-contrast/pin-l-parking+ff2600(-73.571132,45.499229)/-73.571132,45.499229,17/640x320@2x.png?access_token=pk.eyJ1IjoieG9icGFtNjY2IiwiYSI6ImNqZnBiY3E0ZTBmbDUzM3FvMjZta3IxZWYifQ.Y8TVWK0bfi0mRBnz8cMLdw' alt='Peel à Square Dorchester'></a>;2;2h;<span style='padding:0.5em'>À vos risques</span>;-73.571132;45.499229;https://api.mapbox.com/v4/mapbox.high-contrast/pin-l-parking+ff2600(-73.571132,45.499229)/-73.571132,45.499229,17/640x320@2x.png?access_token=pk.eyJ1IjoieG9icGFtNjY2IiwiYSI6ImNqZnBiY3E0ZTBmbDUzM3FvMjZta3IxZWYifQ.Y8TVWK0bfi0mRBnz8cMLdw;https://maps.google.com/maps?q=45.4992292,-73.571132;FAUX
De la Cathédrale à Notre-Dame;<a href='https://maps.google.com/maps?q=45.4961128,-73.5626981'><img src='https://api.mapbox.com/v4/mapbox.high-contrast/pin-l-parking+ff2600(-73.5626981,45.4961128)/-73.5626981,45.4961128,17/640x320@2x.png?access_token=pk.eyJ1IjoieG9icGFtNjY2IiwiYSI6ImNqZnBiY3E0ZTBmbDUzM3FvMjZta3IxZWYifQ.Y8TVWK0bfi0mRBnz8cMLdw' alt='De la Cathédrale à Notre-Dame'></a>;4;2h;<span style='padding:0.5em'>À vos risques</span>;-73.5626981;45.4961128;https://api.mapbox.com/v4/mapbox.high-contrast/pin-l-parking+ff2600(-73.5626981,45.4961128)/-73.5626981,45.4961128,17/640x320@2x.png?access_token=pk.eyJ1IjoieG9icGFtNjY2IiwiYSI6ImNqZnBiY3E0ZTBmbDUzM3FvMjZta3IxZWYifQ.Y8TVWK0bfi0mRBnz8cMLdw;https://maps.google.com/maps?q=45.49611282,-73.5626981;FAUX
Place du frère André et René-Lévesque;<a href='https://maps.google.com/maps?q=45.503248,-73.566779'><img src='https://api.mapbox.com/v4/mapbox.high-contrast/pin-l-parking+ff2600(-73.566779,45.503248)/-73.566779,45.503248,17/640x320@2x.png?access_token=pk.eyJ1IjoieG9icGFtNjY2IiwiYSI6ImNqZnBiY3E0ZTBmbDUzM3FvMjZta3IxZWYifQ.Y8TVWK0bfi0mRBnz8cMLdw' alt='Place du frère André et René-Lévesque'></a>;2;2h<br>10h à Minuit;<span style='padding:0.5em'>Oui</span>;-73.566779;45.503248;https://api.mapbox.com/v4/mapbox.high-contrast/pin-l-parking+ff2600(-73.566779,45.503248)/-73.566779,45.503248,17/640x320@2x.png?access_token=pk.eyJ1IjoieG9icGFtNjY2IiwiYSI6ImNqZnBiY3E0ZTBmbDUzM3FvMjZta3IxZWYifQ.Y8TVWK0bfi0mRBnz8cMLdw;https://maps.google.com/maps?q=45.5032482,-73.566779;FAUX
De la Gauchetière et Robert-Bourassa (côté Nord);<a href='https://maps.google.com/maps?q=45.5001098,-73.5650745'><img src='https://api.mapbox.com/v4/mapbox.high-contrast/pin-l-parking+ff2600(-73.5650745,45.5001098)/-73.5650745,45.5001098,17/640x320@2x.png?access_token=pk.eyJ1IjoieG9icGFtNjY2IiwiYSI6ImNqZnBiY3E0ZTBmbDUzM3FvMjZta3IxZWYifQ.Y8TVWK0bfi0mRBnz8cMLdw' alt='De la Gauchetière et Robert-Bourassa (côté Nord)'></a>;1;15m;<span style='padding:0.5em'>À vos risques</span>;-73.5650745;45.5001098;https://api.mapbox.com/v4/mapbox.high-contrast/pin-l-parking+ff2600(-73.5650745,45.5001098)/-73.5650745,45.5001098,17/640x320@2x.png?access_token=pk.eyJ1IjoieG9icGFtNjY2IiwiYSI6ImNqZnBiY3E0ZTBmbDUzM3FvMjZta3IxZWYifQ.Y8TVWK0bfi0mRBnz8cMLdw;https://maps.google.com/maps?q=45.50010982,-73.5650745;VRAI
De la Gauchetière et Robert-Bourassa (côté Sud);<a href='https://maps.google.com/maps?q=45.5002391,-73.5654869'><img src='https://api.mapbox.com/v4/mapbox.high-contrast/pin-l-parking+ff2600(-73.5654869,45.5002391)/-73.5654869,45.5002391,17/640x320@2x.png?access_token=pk.eyJ1IjoieG9icGFtNjY2IiwiYSI6ImNqZnBiY3E0ZTBmbDUzM3FvMjZta3IxZWYifQ.Y8TVWK0bfi0mRBnz8cMLdw' alt='De la Gauchetière et Robert-Bourassa (côté Sud)'></a>;3;2h;<span style='padding:0.5em'>À vos risques</span>;-73.5654869;45.5002391;https://api.mapbox.com/v4/mapbox.high-contrast/pin-l-parking+ff2600(-73.5654869,45.5002391)/-73.5654869,45.5002391,17/640x320@2x.png?access_token=pk.eyJ1IjoieG9icGFtNjY2IiwiYSI6ImNqZnBiY3E0ZTBmbDUzM3FvMjZta3IxZWYifQ.Y8TVWK0bfi0mRBnz8cMLdw;https://maps.google.com/maps?q=45.50023912,-73.5654869;FAUX
De la Montagne à St-Antoine;<a href='https://maps.google.com/maps?q=45.4952627,-73.5692648'><img src='https://api.mapbox.com/v4/mapbox.high-contrast/pin-l-parking+ff2600(-73.5692648,45.4952627)/-73.5692648,45.4952627,17/640x320@2x.png?access_token=pk.eyJ1IjoieG9icGFtNjY2IiwiYSI6ImNqZnBiY3E0ZTBmbDUzM3FvMjZta3IxZWYifQ.Y8TVWK0bfi0mRBnz8cMLdw' alt='De la Montagne à St-Antoine'></a>;2;2h;<span style='padding:0.5em'>À vos risques</span>;-73.5692648;45.4952627;https://api.mapbox.com/v4/mapbox.high-contrast/pin-l-parking+ff2600(-73.5692648,45.4952627)/-73.5692648,45.4952627,17/640x320@2x.png?access_token=pk.eyJ1IjoieG9icGFtNjY2IiwiYSI6ImNqZnBiY3E0ZTBmbDUzM3FvMjZta3IxZWYifQ.Y8TVWK0bfi0mRBnz8cMLdw;https://maps.google.com/maps?q=45.49526272,-73.5692648;FAUX
Mansfield à de la Gauchetière;<a href='https://maps.google.com/maps?q=45.4991166,-73.567014'><img src='https://api.mapbox.com/v4/mapbox.high-contrast/pin-l-parking+ff2600(-73.567014,45.4991166)/-73.567014,45.4991166,17/640x320@2x.png?access_token=pk.eyJ1IjoieG9icGFtNjY2IiwiYSI6ImNqZnBiY3E0ZTBmbDUzM3FvMjZta3IxZWYifQ.Y8TVWK0bfi0mRBnz8cMLdw' alt='Mansfield à de la Gauchetière'></a>;2;2h;<span style='padding:0.5em'>À vos risques</span>;-73.567014;45.4991166;https://api.mapbox.com/v4/mapbox.high-contrast/pin-l-parking+ff2600(-73.567014,45.4991166)/-73.567014,45.4991166,17/640x320@2x.png?access_token=pk.eyJ1IjoieG9icGFtNjY2IiwiYSI6ImNqZnBiY3E0ZTBmbDUzM3FvMjZta3IxZWYifQ.Y8TVWK0bfi0mRBnz8cMLdw;https://maps.google.com/maps?q=45.49911662,-73.567014;FAUX
Mansfield à Sherbrooke;<a href='https://maps.google.com/maps?q=45.4999736,-73.5688941'><img src='https://api.mapbox.com/v4/mapbox.high-contrast/pin-l-parking+ff2600(-73.5688941,45.4999736)/-73.5688941,45.4999736,17/640x320@2x.png?access_token=pk.eyJ1IjoieG9icGFtNjY2IiwiYSI6ImNqZnBiY3E0ZTBmbDUzM3FvMjZta3IxZWYifQ.Y8TVWK0bfi0mRBnz8cMLdw' alt='Mansfield à Sherbrooke'></a>;2;24h;<span style='padding:0.5em'>Oui</span>;-73.5688941;45.4999736;https://api.mapbox.com/v4/mapbox.high-contrast/pin-l-parking+ff2600(-73.5688941,45.4999736)/-73.5688941,45.4999736,17/640x320@2x.png?access_token=pk.eyJ1IjoieG9icGFtNjY2IiwiYSI6ImNqZnBiY3E0ZTBmbDUzM3FvMjZta3IxZWYifQ.Y8TVWK0bfi0mRBnz8cMLdw;https://maps.google.com/maps?q=45.49997362,-73.5688941;FAUX
Saint-Jacques à Robert-Bourassa;<a href='https://maps.google.com/maps?q=45.4995325,-73.5624378'><img src='https://api.mapbox.com/v4/mapbox.high-contrast/pin-l-parking+ff2600(-73.5624378,45.4995325)/-73.5624378,45.4995325,17/640x320@2x.png?access_token=pk.eyJ1IjoieG9icGFtNjY2IiwiYSI6ImNqZnBiY3E0ZTBmbDUzM3FvMjZta3IxZWYifQ.Y8TVWK0bfi0mRBnz8cMLdw' alt='Saint-Jacques à Robert-Bourassa'></a>;3;2h;<span style='padding:0.5em'>À vos risques</span>;-73.5624378;45.4995325;https://api.mapbox.com/v4/mapbox.high-contrast/pin-l-parking+ff2600(-73.5624378,45.4995325)/-73.5624378,45.4995325,17/640x320@2x.png?access_token=pk.eyJ1IjoieG9icGFtNjY2IiwiYSI6ImNqZnBiY3E0ZTBmbDUzM3FvMjZta3IxZWYifQ.Y8TVWK0bfi0mRBnz8cMLdw;https://maps.google.com/maps?q=45.49953252,-73.5624378;FAUX
Des Pins et Coloniale;<a href='https://maps.google.com/maps?q=45.5162627,-73.5740805'><img src='https://api.mapbox.com/v4/mapbox.high-contrast/pin-l-parking+ff2600(-73.5740805,45.5162627)/-73.5740805,45.5162627,17/640x320@2x.png?access_token=pk.eyJ1IjoieG9icGFtNjY2IiwiYSI6ImNqZnBiY3E0ZTBmbDUzM3FvMjZta3IxZWYifQ.Y8TVWK0bfi0mRBnz8cMLdw' alt='Des Pins et Coloniale'></a>;1;2h;<span style='padding:0.5em'>À vos risques</span>;-73.5740805;45.5162627;https://api.mapbox.com/v4/mapbox.high-contrast/pin-l-parking+ff2600(-73.5740805,45.5162627)/-73.5740805,45.5162627,17/640x320@2x.png?access_token=pk.eyJ1IjoieG9icGFtNjY2IiwiYSI6ImNqZnBiY3E0ZTBmbDUzM3FvMjZta3IxZWYifQ.Y8TVWK0bfi0mRBnz8cMLdw;https://maps.google.com/maps?q=45.51626272,-73.5740805;FAUX
Des Pins et Drolet;<a href='https://maps.google.com/maps?q=45.5179372,-73.5723474'><img src='https://api.mapbox.com/v4/mapbox.high-contrast/pin-l-parking+ff2600(-73.5723474,45.5179372)/-73.5723474,45.5179372,17/640x320@2x.png?access_token=pk.eyJ1IjoieG9icGFtNjY2IiwiYSI6ImNqZnBiY3E0ZTBmbDUzM3FvMjZta3IxZWYifQ.Y8TVWK0bfi0mRBnz8cMLdw' alt='Des Pins et Drolet'></a>;1;2h;<span style='padding:0.5em'>À vos risques</span>;-73.5723474;45.5179372;https://api.mapbox.com/v4/mapbox.high-contrast/pin-l-parking+ff2600(-73.5723474,45.5179372)/-73.5723474,45.5179372,17/640x320@2x.png?access_token=pk.eyJ1IjoieG9icGFtNjY2IiwiYSI6ImNqZnBiY3E0ZTBmbDUzM3FvMjZta3IxZWYifQ.Y8TVWK0bfi0mRBnz8cMLdw;https://maps.google.com/maps?q=45.51793722,-73.5723474;FAUX
Cherrier et Saint-Denis;<a href='https://maps.google.com/maps?q=45.5188532,-73.5697891'><img src='https://api.mapbox.com/v4/mapbox.high-contrast/pin-l-parking+ff2600(-73.5697891,45.5188532)/-73.5697891,45.5188532,17/640x320@2x.png?access_token=pk.eyJ1IjoieG9icGFtNjY2IiwiYSI6ImNqZnBiY3E0ZTBmbDUzM3FvMjZta3IxZWYifQ.Y8TVWK0bfi0mRBnz8cMLdw' alt='Cherrier et Saint-Denis'></a>;2;2h<br>15 mai au 15 octobre;<span style='padding:0.5em'>À vos risques</span>;-73.5697891;45.5188532;https://api.mapbox.com/v4/mapbox.high-contrast/pin-l-parking+ff2600(-73.5697891,45.5188532)/-73.5697891,45.5188532,17/640x320@2x.png?access_token=pk.eyJ1IjoieG9icGFtNjY2IiwiYSI6ImNqZnBiY3E0ZTBmbDUzM3FvMjZta3IxZWYifQ.Y8TVWK0bfi0mRBnz8cMLdw;https://maps.google.com/maps?q=45.51885322,-73.5697891;FAUX
Saint-Antoine et Saint-Laurent;<a href='https://maps.google.com/maps?q=45.5081649,-73.556859'><img src='https://api.mapbox.com/v4/mapbox.high-contrast/pin-l-parking+ff2600(-73.556859,45.5081649)/-73.556859,45.5081649,17/640x320@2x.png?access_token=pk.eyJ1IjoieG9icGFtNjY2IiwiYSI6ImNqZnBiY3E0ZTBmbDUzM3FvMjZta3IxZWYifQ.Y8TVWK0bfi0mRBnz8cMLdw' alt='Saint-Antoine et Saint-Laurent'></a>;2;8h à 18h 60m<br>18h à minuit 2h;<span style='padding:0.5em'>Oui</span>;-73.556859;45.5081649;https://api.mapbox.com/v4/mapbox.high-contrast/pin-l-parking+ff2600(-73.556859,45.5081649)/-73.556859,45.5081649,17/640x320@2x.png?access_token=pk.eyJ1IjoieG9icGFtNjY2IiwiYSI6ImNqZnBiY3E0ZTBmbDUzM3FvMjZta3IxZWYifQ.Y8TVWK0bfi0mRBnz8cMLdw;https://maps.google.com/maps?q=45.50816492,-73.556859;FAUX
Wolfe et Viger;<a href='https://maps.google.com/maps?q=45.5159319,-73.5521966'><img src='https://api.mapbox.com/v4/mapbox.high-contrast/pin-l-parking+ff2600(-73.5521966,45.5159319)/-73.5521966,45.5159319,17/640x320@2x.png?access_token=pk.eyJ1IjoieG9icGFtNjY2IiwiYSI6ImNqZnBiY3E0ZTBmbDUzM3FvMjZta3IxZWYifQ.Y8TVWK0bfi0mRBnz8cMLdw' alt='Wolfe et Viger'></a>;2;L-V 11h à 19h 2h;<span style='padding:0.5em'>Oui</span>;-73.5521966;45.5159319;https://api.mapbox.com/v4/mapbox.high-contrast/pin-l-parking+ff2600(-73.5521966,45.5159319)/-73.5521966,45.5159319,17/640x320@2x.png?access_token=pk.eyJ1IjoieG9icGFtNjY2IiwiYSI6ImNqZnBiY3E0ZTBmbDUzM3FvMjZta3IxZWYifQ.Y8TVWK0bfi0mRBnz8cMLdw;https://maps.google.com/maps?q=45.51593192,-73.5521966;FAUX
Guy entre Saint-Antoine et René-Lévesque;<a href='https://maps.google.com/maps?q=45.4931824,-73.5734199'><img src='https://api.mapbox.com/v4/mapbox.high-contrast/pin-l-parking+ff2600(-73.5734199,45.4931824)/-73.5734199,45.4931824,17/640x320@2x.png?access_token=pk.eyJ1IjoieG9icGFtNjY2IiwiYSI6ImNqZnBiY3E0ZTBmbDUzM3FvMjZta3IxZWYifQ.Y8TVWK0bfi0mRBnz8cMLdw' alt='Guy entre Saint-Antoine et René-Lévesque'></a>;2;24h;<span style='padding:0.5em'>Oui</span>;-73.5734199;45.4931824;https://api.mapbox.com/v4/mapbox.high-contrast/pin-l-parking+ff2600(-73.5734199,45.4931824)/-73.5734199,45.4931824,17/640x320@2x.png?access_token=pk.eyJ1IjoieG9icGFtNjY2IiwiYSI6ImNqZnBiY3E0ZTBmbDUzM3FvMjZta3IxZWYifQ.Y8TVWK0bfi0mRBnz8cMLdw;https://maps.google.com/maps?q=45.49318242,-73.5734199;FAUX
Mansfield à René-Lévesque;<a href='https://maps.google.com/maps?q=45.4999712,-73.5688197'><img src='https://api.mapbox.com/v4/mapbox.high-contrast/pin-l-parking+ff2600(-73.5688197,45.4999712)/-73.5688197,45.4999712,17/640x320@2x.png?access_token=pk.eyJ1IjoieG9icGFtNjY2IiwiYSI6ImNqZnBiY3E0ZTBmbDUzM3FvMjZta3IxZWYifQ.Y8TVWK0bfi0mRBnz8cMLdw' alt='Mansfield à René-Lévesque'></a>;2;24h;<span style='padding:0.5em'>Oui</span>;-73.5688197;45.4999712;https://api.mapbox.com/v4/mapbox.high-contrast/pin-l-parking+ff2600(-73.5688197,45.4999712)/-73.5688197,45.4999712,17/640x320@2x.png?access_token=pk.eyJ1IjoieG9icGFtNjY2IiwiYSI6ImNqZnBiY3E0ZTBmbDUzM3FvMjZta3IxZWYifQ.Y8TVWK0bfi0mRBnz8cMLdw;https://maps.google.com/maps?q=45.49997122,-73.5688197;FAUX
Square Dorchester;<a href='https://maps.google.com/maps?q=45.4991532,-73.5710864'><img src='https://api.mapbox.com/v4/mapbox.high-contrast/pin-l-parking+ff2600(-73.5710864,45.4991532)/-73.5710864,45.4991532,17/640x320@2x.png?access_token=pk.eyJ1IjoieG9icGFtNjY2IiwiYSI6ImNqZnBiY3E0ZTBmbDUzM3FvMjZta3IxZWYifQ.Y8TVWK0bfi0mRBnz8cMLdw' alt='Square Dorchester'></a>;4;24h;<span style='padding:0.5em'>Oui</span>;-73.5710864;45.4991532;https://api.mapbox.com/v4/mapbox.high-contrast/pin-l-parking+ff2600(-73.5710864,45.4991532)/-73.5710864,45.4991532,17/640x320@2x.png?access_token=pk.eyJ1IjoieG9icGFtNjY2IiwiYSI6ImNqZnBiY3E0ZTBmbDUzM3FvMjZta3IxZWYifQ.Y8TVWK0bfi0mRBnz8cMLdw;https://maps.google.com/maps?q=45.49915322,-73.5710864;FAUX
Duluth à du Parc;<a href='https://maps.google.com/maps?q=45.5139956,-73.5819443'><img src='https://api.mapbox.com/v4/mapbox.high-contrast/pin-l-parking+ff2600(-73.5819443,45.5139956)/-73.5819443,45.5139956,17/640x320@2x.png?access_token=pk.eyJ1IjoieG9icGFtNjY2IiwiYSI6ImNqZnBiY3E0ZTBmbDUzM3FvMjZta3IxZWYifQ.Y8TVWK0bfi0mRBnz8cMLdw' alt='Duluth à du Parc'></a>;3;24h;<span style='padding:0.5em'>Oui</span>;-73.5819443;45.5139956;https://api.mapbox.com/v4/mapbox.high-contrast/pin-l-parking+ff2600(-73.5819443,45.5139956)/-73.5819443,45.5139956,17/640x320@2x.png?access_token=pk.eyJ1IjoieG9icGFtNjY2IiwiYSI6ImNqZnBiY3E0ZTBmbDUzM3FvMjZta3IxZWYifQ.Y8TVWK0bfi0mRBnz8cMLdw;https://maps.google.com/maps?q=45.51399562,-73.5819443;FAUX
Crescent et Sherbrooke;<a href='https://maps.google.com/maps?q=45.4987534,-73.5789556'><img src='https://api.mapbox.com/v4/mapbox.high-contrast/pin-l-parking+ff2600(-73.5789556,45.4987534)/-73.5789556,45.4987534,17/640x320@2x.png?access_token=pk.eyJ1IjoieG9icGFtNjY2IiwiYSI6ImNqZnBiY3E0ZTBmbDUzM3FvMjZta3IxZWYifQ.Y8TVWK0bfi0mRBnz8cMLdw' alt='Crescent et Sherbrooke'></a>;1;Débarcadère;<span style='padding:0.5em'>À vos risques</span>;-73.5789556;45.4987534;https://api.mapbox.com/v4/mapbox.high-contrast/pin-l-parking+ff2600(-73.5789556,45.4987534)/-73.5789556,45.4987534,17/640x320@2x.png?access_token=pk.eyJ1IjoieG9icGFtNjY2IiwiYSI6ImNqZnBiY3E0ZTBmbDUzM3FvMjZta3IxZWYifQ.Y8TVWK0bfi0mRBnz8cMLdw;https://maps.google.com/maps?q=45.49875342,-73.5789556;VRAI
Square Dorchester et Infotouriste;<a href='https://maps.google.com/maps?q=45.5000284,-73.5714932'><img src='https://api.mapbox.com/v4/mapbox.high-contrast/pin-l-parking+ff2600(-73.5714932,45.5000284)/-73.5714932,45.5000284,17/640x320@2x.png?access_token=pk.eyJ1IjoieG9icGFtNjY2IiwiYSI6ImNqZnBiY3E0ZTBmbDUzM3FvMjZta3IxZWYifQ.Y8TVWK0bfi0mRBnz8cMLdw' alt='Square Dorchester et Infotouriste'></a>;4;Débarcadère;<span style='padding:0.5em'>À vos risques</span>;-73.5714932;45.5000284;https://api.mapbox.com/v4/mapbox.high-contrast/pin-l-parking+ff2600(-73.5714932,45.5000284)/-73.5714932,45.5000284,17/640x320@2x.png?access_token=pk.eyJ1IjoieG9icGFtNjY2IiwiYSI6ImNqZnBiY3E0ZTBmbDUzM3FvMjZta3IxZWYifQ.Y8TVWK0bfi0mRBnz8cMLdw;https://maps.google.com/maps?q=45.50002842,-73.5714932;VRAI
Metcalf et de Maisonneuve;<a href='https://maps.google.com/maps?q=45.5015168,45.5015168'><img src='https://api.mapbox.com/v4/mapbox.high-contrast/pin-l-parking+ff2600(45.5015168,45.5015168)/45.5015168,45.5015168,17/640x320@2x.png?access_token=pk.eyJ1IjoieG9icGFtNjY2IiwiYSI6ImNqZnBiY3E0ZTBmbDUzM3FvMjZta3IxZWYifQ.Y8TVWK0bfi0mRBnz8cMLdw' alt='Metcalf et de Maisonneuve'></a>;1;1er avril au 15 octobre<br> Débarcadère;<span style='padding:0.5em'>À vos risques</span>;45.5015168;45.5015168;https://api.mapbox.com/v4/mapbox.high-contrast/pin-l-parking+ff2600(45.5015168,45.5015168)/45.5015168,45.5015168,17/640x320@2x.png?access_token=pk.eyJ1IjoieG9icGFtNjY2IiwiYSI6ImNqZnBiY3E0ZTBmbDUzM3FvMjZta3IxZWYifQ.Y8TVWK0bfi0mRBnz8cMLdw;https://maps.google.com/maps?q=45.50151682,45.5015168;VRAI
Union;<a href='https://maps.google.com/maps?q=45.5038243,-73.5694112'><img src='https://api.mapbox.com/v4/mapbox.high-contrast/pin-l-parking+ff2600(-73.5694112,45.5038243)/-73.5694112,45.5038243,17/640x320@2x.png?access_token=pk.eyJ1IjoieG9icGFtNjY2IiwiYSI6ImNqZnBiY3E0ZTBmbDUzM3FvMjZta3IxZWYifQ.Y8TVWK0bfi0mRBnz8cMLdw' alt='Union'></a>;2;1er avril au 15 octobre<br> Débarcadère;<span style='padding:0.5em'>À vos risques</span>;-73.5694112;45.5038243;https://api.mapbox.com/v4/mapbox.high-contrast/pin-l-parking+ff2600(-73.5694112,45.5038243)/-73.5694112,45.5038243,17/640x320@2x.png?access_token=pk.eyJ1IjoieG9icGFtNjY2IiwiYSI6ImNqZnBiY3E0ZTBmbDUzM3FvMjZta3IxZWYifQ.Y8TVWK0bfi0mRBnz8cMLdw;https://maps.google.com/maps?q=45.50382432,-73.5694112;VRAI
De la Commune à Pointe-à-Callière;<a href='https://maps.google.com/maps?q=45.5022683,,-73.5537958'><img src='https://api.mapbox.com/v4/mapbox.high-contrast/pin-l-parking+ff2600(-73.5537958,45.5022683,)/-73.5537958,45.5022683,,17/640x320@2x.png?access_token=pk.eyJ1IjoieG9icGFtNjY2IiwiYSI6ImNqZnBiY3E0ZTBmbDUzM3FvMjZta3IxZWYifQ.Y8TVWK0bfi0mRBnz8cMLdw' alt='De la Commune à Pointe-à-Callière'></a>;2;Débarcadère;<span style='padding:0.5em'>À vos risques</span>;-73.5537958;45.5022683,;https://api.mapbox.com/v4/mapbox.high-contrast/pin-l-parking+ff2600(-73.5537958,45.5022683,)/-73.5537958,45.5022683,,17/640x320@2x.png?access_token=pk.eyJ1IjoieG9icGFtNjY2IiwiYSI6ImNqZnBiY3E0ZTBmbDUzM3FvMjZta3IxZWYifQ.Y8TVWK0bfi0mRBnz8cMLdw;https://maps.google.com/maps?q=45.5022683,2,-73.5537958;VRAI
De la Commune à marché Bonsecourt;<a href='https://maps.google.com/maps?q=45.5095264,-73.5505455'><img src='https://api.mapbox.com/v4/mapbox.high-contrast/pin-l-parking+ff2600(-73.5505455,45.5095264)/-73.5505455,45.5095264,17/640x320@2x.png?access_token=pk.eyJ1IjoieG9icGFtNjY2IiwiYSI6ImNqZnBiY3E0ZTBmbDUzM3FvMjZta3IxZWYifQ.Y8TVWK0bfi0mRBnz8cMLdw' alt='De la Commune à marché Bonsecourt'></a>;3;Débarcadère;<span style='padding:0.5em'>À vos risques</span>;-73.5505455;45.5095264;https://api.mapbox.com/v4/mapbox.high-contrast/pin-l-parking+ff2600(-73.5505455,45.5095264)/-73.5505455,45.5095264,17/640x320@2x.png?access_token=pk.eyJ1IjoieG9icGFtNjY2IiwiYSI6ImNqZnBiY3E0ZTBmbDUzM3FvMjZta3IxZWYifQ.Y8TVWK0bfi0mRBnz8cMLdw;https://maps.google.com/maps?q=45.50952642,-73.5505455;VRAI
De la Commune à Saint-Laurent;<a href='https://maps.google.com/maps?q=45.5053196,-73.5531543'><img src='https://api.mapbox.com/v4/mapbox.high-contrast/pin-l-parking+ff2600(-73.5531543,45.5053196)/-73.5531543,45.5053196,17/640x320@2x.png?access_token=pk.eyJ1IjoieG9icGFtNjY2IiwiYSI6ImNqZnBiY3E0ZTBmbDUzM3FvMjZta3IxZWYifQ.Y8TVWK0bfi0mRBnz8cMLdw' alt='De la Commune à Saint-Laurent'></a>;2;;<span style='padding:0.5em'>À vos risques</span>;-73.5531543;45.5053196;https://api.mapbox.com/v4/mapbox.high-contrast/pin-l-parking+ff2600(-73.5531543,45.5053196)/-73.5531543,45.5053196,17/640x320@2x.png?access_token=pk.eyJ1IjoieG9icGFtNjY2IiwiYSI6ImNqZnBiY3E0ZTBmbDUzM3FvMjZta3IxZWYifQ.Y8TVWK0bfi0mRBnz8cMLdw;https://maps.google.com/maps?q=45.50531962,-73.5531543;FAUX
Centre des Sciences de Montréal;<a href='https://maps.google.com/maps?q=45.5049937,-73.5506396'><img src='https://api.mapbox.com/v4/mapbox.high-contrast/pin-l-parking+ff2600(-73.5506396,45.5049937)/-73.5506396,45.5049937,17/640x320@2x.png?access_token=pk.eyJ1IjoieG9icGFtNjY2IiwiYSI6ImNqZnBiY3E0ZTBmbDUzM3FvMjZta3IxZWYifQ.Y8TVWK0bfi0mRBnz8cMLdw' alt='Centre des Sciences de Montréal'></a>;;Débarcadère;<span style='padding:0.5em'>Non</span>;-73.5506396;45.5049937;https://api.mapbox.com/v4/mapbox.high-contrast/pin-l-parking+ff2600(-73.5506396,45.5049937)/-73.5506396,45.5049937,17/640x320@2x.png?access_token=pk.eyJ1IjoieG9icGFtNjY2IiwiYSI6ImNqZnBiY3E0ZTBmbDUzM3FvMjZta3IxZWYifQ.Y8TVWK0bfi0mRBnz8cMLdw;https://maps.google.com/maps?q=45.50499372,-73.5506396;VRAI
Vieux-Port;<a href='https://maps.google.com/maps?q=45.5104079,-73.5477335'><img src='https://api.mapbox.com/v4/mapbox.high-contrast/pin-l-parking+ff2600(-73.5477335,45.5104079)/-73.5477335,45.5104079,17/640x320@2x.png?access_token=pk.eyJ1IjoieG9icGFtNjY2IiwiYSI6ImNqZnBiY3E0ZTBmbDUzM3FvMjZta3IxZWYifQ.Y8TVWK0bfi0mRBnz8cMLdw' alt='Vieux-Port'></a>;;24h<br>20$;<span style='padding:0.5em'>Oui</span>;-73.5477335;45.5104079;https://api.mapbox.com/v4/mapbox.high-contrast/pin-l-parking+ff2600(-73.5477335,45.5104079)/-73.5477335,45.5104079,17/640x320@2x.png?access_token=pk.eyJ1IjoieG9icGFtNjY2IiwiYSI6ImNqZnBiY3E0ZTBmbDUzM3FvMjZta3IxZWYifQ.Y8TVWK0bfi0mRBnz8cMLdw;https://maps.google.com/maps?q=45.51040792,-73.5477335;FAUX
Gare Viger;<a href='https://maps.google.com/maps?q=45.5128776,-73.5527059'><img src='https://api.mapbox.com/v4/mapbox.high-contrast/pin-l-parking+ff2600(-73.5527059,45.5128776)/-73.5527059,45.5128776,17/640x320@2x.png?access_token=pk.eyJ1IjoieG9icGFtNjY2IiwiYSI6ImNqZnBiY3E0ZTBmbDUzM3FvMjZta3IxZWYifQ.Y8TVWK0bfi0mRBnz8cMLdw' alt='Gare Viger'></a>;;24h<br>Max 18$;<span style='padding:0.5em'>Oui</span>;-73.5527059;45.5128776;https://api.mapbox.com/v4/mapbox.high-contrast/pin-l-parking+ff2600(-73.5527059,45.5128776)/-73.5527059,45.5128776,17/640x320@2x.png?access_token=pk.eyJ1IjoieG9icGFtNjY2IiwiYSI6ImNqZnBiY3E0ZTBmbDUzM3FvMjZta3IxZWYifQ.Y8TVWK0bfi0mRBnz8cMLdw;https://maps.google.com/maps?q=45.51287762,-73.5527059;FAUX
Gare d'autocars;<a href='https://maps.google.com/maps?q=45.5168048,-73.5631628'><img src='https://api.mapbox.com/v4/mapbox.high-contrast/pin-l-parking+ff2600(-73.5631628,45.5168048)/-73.5631628,45.5168048,17/640x320@2x.png?access_token=pk.eyJ1IjoieG9icGFtNjY2IiwiYSI6ImNqZnBiY3E0ZTBmbDUzM3FvMjZta3IxZWYifQ.Y8TVWK0bfi0mRBnz8cMLdw' alt='Gare d'autocars'></a>;;24h<br>60$;<span style='padding:0.5em'>Oui</span>;-73.5631628;45.5168048;https://api.mapbox.com/v4/mapbox.high-contrast/pin-l-parking+ff2600(-73.5631628,45.5168048)/-73.5631628,45.5168048,17/640x320@2x.png?access_token=pk.eyJ1IjoieG9icGFtNjY2IiwiYSI6ImNqZnBiY3E0ZTBmbDUzM3FvMjZta3IxZWYifQ.Y8TVWK0bfi0mRBnz8cMLdw;https://maps.google.com/maps?q=45.51680482,-73.5631628;FAUX